wind_speed,Phys.par.C_shelter,Phys.par.Kz_ak,Phys.par.Kz_ak_ice,qual
1,0.15,0.03075216,0.000898,467.037005721653
1.01142220388845,0.145566861536103,0.030966953237612,0.000871539479023546,464.201919641565
1.06481465019272,0.168742283555224,0.0321073505037901,0.000686256530851379,439.074976601227
