par_id,rmse,nse,r,bias,mae,nmae
p001,2.68255140803059,0.720473196427915,0.944987883152883,2.03311363676583,2.23504405015378,0.387539758552711
p002,2.9453841477303,0.663014478788238,0.9408933213914,2.32366429880026,2.5037034032451,0.441371416017879
p003,2.62972367732966,0.731374284857454,0.943316940324828,1.9241057698627,2.16278658229816,0.371643479169606
