wind_speed,swr,fetch_lk,c_relax_C,par_id
1.1887,0.89939,9129.8,0.075119,p01
0.94012,1.1488,35045,0.051391,p02
1.0782,0.95558,57392,0.086146,p03
0.87675,0.83024,51432,0.040216,p04
0.99249,1.0373,68620,0.025285,p05
0.8834,1.1809,65034,0.010915,p06
0.81633,1.0868,29303,0.090948,p07
1.0378,0.98951,7340.1,0.0096785,p08
1.1213,1.0599,22601,0.069795,p09
1.0893,0.87479,43636,0.038149,p10
