wind_speed,swr,a_seiche,par_id
0.83231,0.80949,0.074337,p01
0.86301,1.1522,0.25171,p02
0.90236,0.84936,0.20782,p03
1.0245,1.0144,0.1521,p04
0.97644,0.97032,0.049558,p05
1.1984,0.9377,0.01794,p06
1.0692,1.0809,0.11866,p07
1.1062,0.9098,0.29033,p08
0.93641,1.0499,0.22718,p09
1.1543,1.1674,0.14233,p10
